<?xml version="1.0" encoding="UTF-8"?>
<beans xmlns="http://www.springframework.org/schema/beans"
	xmlns:beans="http://www.springframework.org/schema/beans" 
	xmlns:xsi="http://www.w3.org/2001/XMLSchema-instance"
	xmlns:security="http://www.springframework.org/schema/security"
	xmlns:oxm="http://www.springframework.org/schema/oxm" 
	xmlns:context="http://www.springframework.org/schema/context"
	xmlns:util="http://www.springframework.org/schema/util"
	xsi:schemaLocation="http://www.springframework.org/schema/beans http://www.springframework.org/schema/beans/spring-beans-4.0.xsd
                        http://www.springframework.org/schema/tx http://www.springframework.org/schema/tx/spring-tx-4.0.xsd
                        http://www.springframework.org/schema/context http://www.springframework.org/schema/context/spring-context-4.0.xsd
                        http://www.springframework.org/schema/security http://www.springframework.org/schema/security/spring-security-4.0.xsd
                        http://www.springframework.org/schema/util http://www.springframework.org/schema/util/spring-util-4.0.xsd
                        http://www.springframework.org/schema/oxm http://www.springframework.org/schema/oxm/spring-oxm-4.0.xsd">
	
	<context:annotation-config />

	
    <!-- ==================================================================================================================== -->
	<!-- Marshaller definition -->
	<!-- ==================================================================================================================== -->

	<oxm:jaxb2-marshaller id="marshallLocationEndpoint">
		<oxm:class-to-be-bound name="com.avaya.ept.onegas.ws.location.model.GetLocationsByZipCode"/>
	</oxm:jaxb2-marshaller>

	<!-- ==================================================================================================================== -->
	<!-- WS Client definition -->
	<!-- ==================================================================================================================== -->

	<beans:bean id="locationMessageFactory" class="org.springframework.ws.soap.saaj.SaajSoapMessageFactory">
		<property name="soapVersion">
			<util:constant static-field="org.springframework.ws.soap.SoapVersion.SOAP_11" />
		</property>
	</beans:bean>

	<beans:bean id="locationFaultResolver"
		class="org.springframework.ws.soap.client.core.SoapFaultMessageResolver" />

	<beans:bean id="locationEndpoint" class="org.springframework.ws.client.core.WebServiceTemplate">
		<constructor-arg ref="locationMessageFactory" />
		<property name="marshaller" ref="marshallLocationEndpoint" />
		<property name="unmarshaller" ref="marshallLocationEndpoint" />
		<property name="faultMessageResolver" ref="locationFaultResolver" />
		<property name="messageSender">
			<bean
				class="org.springframework.ws.transport.http.HttpComponentsMessageSender">
				<property name="connectionTimeout" value="${onegas.location.ws.conn.time.out}" />
				<property name="readTimeout" value="${onegas.location.ws.read.time.out}"></property>
			</bean>
		</property>
		<property name="defaultUri" value="${onegas.location.ws.endpoint}" />
	</beans:bean>

	<beans:bean id="locationDao"
		class="com.avaya.ept.onegas.ws.location.dao.LocationDaoImpl">
		<property name="locationServiceTemplate" ref="locationEndpoint" />
		<property name="soapAction" value="${onegas.location.ws.action}" />
	</beans:bean>

	<beans:bean id="locationService"
		class="com.avaya.ept.onegas.ws.location.service.LocationServiceImpl">
		<property name="locationDao" ref="locationDao" />
	</beans:bean>
</beans>