<?xml version="1.0" encoding="UTF-8"?>
<beans xmlns="http://www.springframework.org/schema/beans"
	xmlns:beans="http://www.springframework.org/schema/beans" xmlns:xsi="http://www.w3.org/2001/XMLSchema-instance"
	xmlns:security="http://www.springframework.org/schema/security"
	xmlns:oxm="http://www.springframework.org/schema/oxm" xmlns:context="http://www.springframework.org/schema/context"
	xmlns:util="http://www.springframework.org/schema/util"
	xsi:schemaLocation="http://www.springframework.org/schema/beans http://www.springframework.org/schema/beans/spring-beans-4.0.xsd
                        http://www.springframework.org/schema/tx http://www.springframework.org/schema/tx/spring-tx-4.0.xsd
                        http://www.springframework.org/schema/context http://www.springframework.org/schema/context/spring-context-4.0.xsd
                        http://www.springframework.org/schema/security http://www.springframework.org/schema/security/spring-security-4.0.xsd
                        http://www.springframework.org/schema/util http://www.springframework.org/schema/util/spring-util-4.0.xsd
                        http://www.springframework.org/schema/oxm http://www.springframework.org/schema/oxm/spring-oxm-4.0.xsd">

	<context:annotation-config />

	<beans:bean id="restTemplate" class="org.springframework.web.client.RestTemplate">
		<constructor-arg>
			<bean
				class="org.springframework.http.client.SimpleClientHttpRequestFactory">
				<property name="readTimeout" value="${onegas.cs.read.time.out}" />
				<property name="connectTimeout" value="${onegas.cs.conn.time.out}" />
			</bean>
		</constructor-arg>
		<property name="messageConverters">
			<list>
				<bean class="org.springframework.http.converter.FormHttpMessageConverter" />
				<bean
					class="org.springframework.http.converter.StringHttpMessageConverter" />
				<bean
					class="org.springframework.http.converter.json.MappingJackson2HttpMessageConverter" />
			</list>
		</property>
	</beans:bean>
	<beans:bean id="contextStoreClient"
		class="com.avaya.ept.onegas.backend.contextstore.client.ContextStoreClient">
		<property name="restTemplate" ref="restTemplate" />
		<property name="host" value="${onegas.cs.host}" />
	</beans:bean>

	<beans:bean id="contextStoreService"
		class="com.avaya.ept.onegas.backend.contextstore.types.ContextStoreService">
		<property name="csClient" ref="contextStoreClient" />
	</beans:bean>

</beans>