<assembly>
	<formats>
    	<format>zip</format>
	</formats>
	<includeBaseDirectory>false</includeBaseDirectory>
	<files>
	<!-- in order to make this profile work, at least one file has to be strictly specified. -->
		<file>
			<source>pom.xml</source>
		</file>
	</files>
	<fileSets>
		<fileSet>	    	
			<directory>UPS_CallFlow/</directory>
			<outputDirectory>callflow</outputDirectory>
			<includes>
				<include>RDM.war</include>
				<include>SendDtmfOverRtp.war</include>
			</includes>			
			<useDefaultExcludes>true</useDefaultExcludes>
		</fileSet>    
		<fileSet>
			<directory>UPS_CallFlow/OD_Driver/target</directory>
			<outputDirectory>callflow</outputDirectory>
			<includes>
				<include>**/*.war</include>
			</includes>
			<excludes>
				<exclude>**/WEB-INF/**</exclude>
			</excludes>
			<useDefaultExcludes>true</useDefaultExcludes>
		</fileSet>
		<fileSet>
			<directory>UPS_CallFlow/MainMenuUK/target</directory>
			<outputDirectory>callflow</outputDirectory>
			<includes>
				<include>**/*.war</include>
			</includes>
			<excludes>
				<exclude>**/WEB-INF/**</exclude>
			</excludes>
			<useDefaultExcludes>true</useDefaultExcludes>
		</fileSet>
		<fileSet>
			<directory>UPS_CallFlow/MainMenuIE/target</directory>
			<outputDirectory>callflow</outputDirectory>
			<includes>
				<include>**/*.war</include>
			</includes>
			<excludes>
				<exclude>**/WEB-INF/**</exclude>
			</excludes>
			<useDefaultExcludes>true</useDefaultExcludes>
		</fileSet>		

		<fileSet>
			<directory>UPS_CallFlow/MainMenuBE/target</directory>
			<outputDirectory>callflow</outputDirectory>
			<includes>
				<include>**/*.war</include>
			</includes>
			<excludes>
				<exclude>**/WEB-INF/**</exclude>
			</excludes>
			<useDefaultExcludes>true</useDefaultExcludes>
		</fileSet>		
		<fileSet>
			<directory>UPS_CallFlow/MainMenuNL/target</directory>
			<outputDirectory>callflow</outputDirectory>
			<includes>
				<include>**/*.war</include>
			</includes>
			<excludes>
				<exclude>**/WEB-INF/**</exclude>
			</excludes>
			<useDefaultExcludes>true</useDefaultExcludes>
		</fileSet>	
		<fileSet>
			<directory>UPS_CallFlow/MainMenuDE/target</directory>
			<outputDirectory>callflow</outputDirectory>
			<includes>
				<include>**/*.war</include>
			</includes>
			<excludes>
				<exclude>**/WEB-INF/**</exclude>
			</excludes>
			<useDefaultExcludes>true</useDefaultExcludes>
		</fileSet>				
		<fileSet>
			<directory>UPS_CallFlow/MainMenuCH/target</directory>
			<outputDirectory>callflow</outputDirectory>
			<includes>
				<include>**/*.war</include>
			</includes>
			<excludes>
				<exclude>**/WEB-INF/**</exclude>
			</excludes>
			<useDefaultExcludes>true</useDefaultExcludes>
		</fileSet>				
		<fileSet>
			<directory>UPS_CallFlow/MainMenuAT/target</directory>
			<outputDirectory>callflow</outputDirectory>
			<includes>
				<include>**/*.war</include>
			</includes>
			<excludes>
				<exclude>**/WEB-INF/**</exclude>
			</excludes>
			<useDefaultExcludes>true</useDefaultExcludes>
		</fileSet>				
		<fileSet>
			<directory>UPS_CallFlow/MainMenuFR/target</directory>
			<outputDirectory>callflow</outputDirectory>
			<includes>
				<include>**/*.war</include>
			</includes>
			<excludes>
				<exclude>**/WEB-INF/**</exclude>
			</excludes>
			<useDefaultExcludes>true</useDefaultExcludes>
		</fileSet>		
		<fileSet>
			<directory>UPS_CallFlow/MainMenuPL/target</directory>
			<outputDirectory>callflow</outputDirectory>
			<includes>
				<include>**/*.war</include>
			</includes>
			<excludes>
				<exclude>**/WEB-INF/**</exclude>
			</excludes>
			<useDefaultExcludes>true</useDefaultExcludes>
		</fileSet>		
		<fileSet>
			<directory>UPS_CallFlow/MainMenuES/target</directory>
			<outputDirectory>callflow</outputDirectory>
			<includes>
				<include>**/*.war</include>
			</includes>
			<excludes>
				<exclude>**/WEB-INF/**</exclude>
			</excludes>
			<useDefaultExcludes>true</useDefaultExcludes>
		</fileSet>
		<fileSet>
			<directory>UPS_CallFlow/MainMenuIT/target</directory>
			<outputDirectory>callflow</outputDirectory>
			<includes>
				<include>**/*.war</include>
			</includes>
			<excludes>
				<exclude>**/WEB-INF/**</exclude>
			</excludes>
			<useDefaultExcludes>true</useDefaultExcludes>
		</fileSet>				
		<fileSet>
			<directory>UPS_CallFlow/MainMenu_Transfer/target</directory>
			<outputDirectory>callflow</outputDirectory>
			<includes>
				<include>**/*.war</include>
			</includes>
			<excludes>
				<exclude>**/WEB-INF/**</exclude>
			</excludes>
			<useDefaultExcludes>true</useDefaultExcludes>
		</fileSet>		<fileSet>
			<directory>UPS_CallFlow/MainMenu_LanguageSelection/target</directory>
			<outputDirectory>callflow</outputDirectory>
			<includes>
				<include>**/*.war</include>
			</includes>
			<excludes>
				<exclude>**/WEB-INF/**</exclude>
			</excludes>
			<useDefaultExcludes>true</useDefaultExcludes>
		</fileSet>
		<fileSet>
			<directory>UPS_CallFlow/EAPS_CloseTime/target</directory>
			<outputDirectory>callflow</outputDirectory>
			<includes>
				<include>**/*.war</include>
			</includes>
			<excludes>
				<exclude>**/WEB-INF/**</exclude>
			</excludes>
			<useDefaultExcludes>true</useDefaultExcludes>
		</fileSet>		
		<fileSet>
			<directory>UPS_CallFlow/EAPS_Main/target</directory>
			<outputDirectory>callflow</outputDirectory>
			<includes>
				<include>**/*.war</include>
			</includes>
			<excludes>
				<exclude>**/WEB-INF/**</exclude>
			</excludes>
			<useDefaultExcludes>true</useDefaultExcludes>
		</fileSet>
		<fileSet>
			<directory>UPS_CallFlow/EAPS_Pickup/target</directory>
			<outputDirectory>callflow</outputDirectory>
			<includes>
				<include>**/*.war</include>
			</includes>
			<excludes>
				<exclude>**/WEB-INF/**</exclude>
			</excludes>
			<useDefaultExcludes>true</useDefaultExcludes>
		</fileSet>
		<fileSet>
			<directory>UPS_CallFlow/EAPS_ServiceLevelITES/target</directory>
			<outputDirectory>callflow</outputDirectory>
			<includes>
				<include>**/*.war</include>
			</includes>
			<excludes>
				<exclude>**/WEB-INF/**</exclude>
			</excludes>
			<useDefaultExcludes>true</useDefaultExcludes>
		</fileSet>
		<fileSet>
			<directory>UPS_CallFlow/EAPS_ServiceLevelUKDE/target</directory>
			<outputDirectory>callflow</outputDirectory>
			<includes>
				<include>**/*.war</include>
			</includes>
			<excludes>
				<exclude>**/WEB-INF/**</exclude>
			</excludes>
			<useDefaultExcludes>true</useDefaultExcludes>
		</fileSet>
		<fileSet>
			<directory>UPS_CallFlow/EAPS_Transfer/target</directory>
			<outputDirectory>callflow</outputDirectory>
			<includes>
				<include>**/*.war</include>
			</includes>
			<excludes>
				<exclude>**/WEB-INF/**</exclude>
			</excludes>
			<useDefaultExcludes>true</useDefaultExcludes>
		</fileSet>
		<fileSet>
			<directory>UPS_CallFlow/UPS_EPKGST_Main/target</directory>
			<outputDirectory>callflow</outputDirectory>
			<includes>
				<include>**/*.war</include>
			</includes>
			<excludes>
				<exclude>**/WEB-INF/**</exclude>
			</excludes>
			<useDefaultExcludes>true</useDefaultExcludes>
		</fileSet>
		<fileSet>
			<directory>UPS_CallFlow/UPS_EPKGST_PlayStatus/target</directory>
			<outputDirectory>callflow</outputDirectory>
			<includes>
				<include>**/*.war</include>
			</includes>
			<excludes>
				<exclude>**/WEB-INF/**</exclude>
			</excludes>
			<useDefaultExcludes>true</useDefaultExcludes>
		</fileSet>
		<fileSet>
			<directory>UPS_CallFlow/UPS_EPKGST_DCR/target</directory>
			<outputDirectory>callflow</outputDirectory>
			<includes>
				<include>**/*.war</include>
			</includes>
			<excludes>
				<exclude>**/WEB-INF/**</exclude>
			</excludes>
			<useDefaultExcludes>true</useDefaultExcludes>
		</fileSet>
		<fileSet>
			<directory>UPS_CallFlow/UPS_EPKGST_DCRCharge/target</directory>
			<outputDirectory>callflow</outputDirectory>
			<includes>
				<include>**/*.war</include>
			</includes>
			<excludes>
				<exclude>**/WEB-INF/**</exclude>
			</excludes>
			<useDefaultExcludes>true</useDefaultExcludes>
		</fileSet>
		<fileSet>
			<directory>UPS_CallFlow/UPS_EPKGST_Locations/target</directory>
			<outputDirectory>callflow</outputDirectory>
			<includes>
				<include>**/*.war</include>
			</includes>
			<excludes>
				<exclude>**/WEB-INF/**</exclude>
			</excludes>
			<useDefaultExcludes>true</useDefaultExcludes>
		</fileSet>
		<fileSet>
			<directory>UPS_CallFlow/UPS_EPKGST_Transfer/target</directory>
			<outputDirectory>callflow</outputDirectory>
			<includes>
				<include>**/*.war</include>
			</includes>
			<excludes>
				<exclude>**/WEB-INF/**</exclude>
			</excludes>
			<useDefaultExcludes>true</useDefaultExcludes>
		</fileSet>
		<fileSet>
			<directory>UPS_CallFlow/IvrCodesTestApp/target</directory>
			<outputDirectory>callflow</outputDirectory>
			<includes>
				<include>**/*.war</include>
			</includes>
			<excludes>
				<exclude>**/WEB-INF/**</exclude>
			</excludes>
			<useDefaultExcludes>true</useDefaultExcludes>
		</fileSet>		
		<!-- Business Layer -->
		<!-- this will copy the zip bundle for each application. Each of these bundles contains all the required libraries for each application.  -->
		
		<fileSet>
			<directory>UPS_BusinessLayer/UPS_CommonBusiness/target</directory>
			<outputDirectory>business-layer</outputDirectory>
			<includes>
				<include>**/*.zip</include>				
			</includes>
			<useDefaultExcludes>true</useDefaultExcludes>
		</fileSet>
		
		
		<!--  Data Folder -->

		<fileSet>
			<directory>UPS_Data/target</directory>
			<outputDirectory>data</outputDirectory>
			<includes>
			    <include>**/*.zip</include>
			</includes>
			<excludes>
				<exclude>**/*noAudios.zip</exclude>
			</excludes>
			<useDefaultExcludes>true</useDefaultExcludes>
		</fileSet>
		
		<!--  Resources Folder -->
		<fileSet>
			<directory>UPS_BackendLayer/UPS_Alarm_Backend/src/main/resources</directory>
			<outputDirectory>resources</outputDirectory>
			<includes>
			    <include>*.xml</include>
			</includes>
			<useDefaultExcludes>true</useDefaultExcludes>
		</fileSet>
		<fileSet>
			<directory>UPS_BackendLayer/UPS_CommonBackend/src/main/resources</directory>
			<outputDirectory>resources</outputDirectory>
			<includes>
			    <include>*.xml</include>
			</includes>
			<useDefaultExcludes>true</useDefaultExcludes>
		</fileSet>
		<fileSet>
			<directory>UPS_BackendLayer/UPS_CSV_Backend/src/main/resources</directory>
			<outputDirectory>resources</outputDirectory>
			<includes>
			    <include>*.xml</include>
			</includes>
			<useDefaultExcludes>true</useDefaultExcludes>
		</fileSet>
		<fileSet>
			<directory>UPS_BackendLayer/UPS_EAPS_Backend/src/main/resources</directory>
			<outputDirectory>resources</outputDirectory>
			<includes>
			    <include>*.xml</include>
			</includes>
			<useDefaultExcludes>true</useDefaultExcludes>
		</fileSet>
		<fileSet>
			<directory>UPS_BackendLayer/UPS_EPKGST_Backend/src/main/resources</directory>
			<outputDirectory>resources</outputDirectory>
			<includes>
			    <include>*.xml</include>
			</includes>
			<useDefaultExcludes>true</useDefaultExcludes>
		</fileSet>
		<fileSet>
			<directory>UPS_BusinessLayer/UPS_CommonBusiness/src/main/resources</directory>
			<outputDirectory>resources</outputDirectory>
			<includes>
			    <include>*.xml</include>
			</includes>
			<useDefaultExcludes>true</useDefaultExcludes>
		</fileSet>
		<fileSet>
			<directory>src/main/assembly/prod</directory>
			<outputDirectory>resources</outputDirectory>
			<includes>
			    <include>*.xml</include>
				<include>businessHours.properties</include>
				<include>holidays.properties</include>				
			</includes>
			<useDefaultExcludes>true</useDefaultExcludes>
		</fileSet>
		<fileSet>
			<directory>src/main/assembly/resources</directory>
			<outputDirectory>resources</outputDirectory>
			<includes>
				<include>CLID.properties</include>
				<include>configuration.properties</include>
				<include>cost.properties</include>
				<include>countryCodes.properties</include>
				<include>deliveryLocation.properties</include>
				<include>shortCodes.properties</include>
				<include>ivrCodes*.properties</include>
			</includes>
			<useDefaultExcludes>true</useDefaultExcludes>
		</fileSet>
		<fileSet>
			<directory>src/main/assembly/licenses</directory>
			<outputDirectory>licenses</outputDirectory>
			<includes>
				<include>*.rtf</include>
			</includes>
			<useDefaultExcludes>true</useDefaultExcludes>
		</fileSet>				
	</fileSets>
</assembly>
