<?xml version="1.0" encoding="UTF-8" ?>
<!DOCTYPE log4j:configuration SYSTEM "log4j.dtd">
<log4j:configuration xmlns:log4j="http://jakarta.apache.org/log4j/">

	<appender name = "ONEGASLOG" class = "org.apache.log4j.DailyRollingFileAppender">
		<param name = "File" value = "${catalina.home}/logs/ONEGAS.log"/>
		<param name = "Threshold" value = "TRACE"/>
		<param name = "Append" value = "true"/>
		<param name = "DatePattern" value = "'.'yyyy-MM-dd"/>
		<layout class = "org.apache.log4j.PatternLayout">
			<param name = "ConversionPattern" value = "[ONEGAS]|[%d{dd MMM yyyy HH:mm:ss,SSS}]|[%5p]|SessionID: %X{Session_ID}|[CLASS: %c{1}.%M(%L)]|[MESSAGE: %m]%n"/>
		</layout>
	</appender>

	<!-- DialogDesigner, BusinessLayer-->
	<logger name="Dialog.Designer.TraceWriter">
		<level value = "TRACE"/>
		<appender-ref ref="ONEGASLOG" />
	</logger>
	<logger name="com.avaya.ept.ONEGAS.dataImportConnector">
		<level value = "TRACE"/>
		<appender-ref ref="ONEGASLOG" />
	</logger>
	<logger name="com.avaya" additivity="false">
		<level value="TRACE"/>
		<appender-ref ref="ONEGASLOG"/>
	</logger>

	<!-- WEB SERVICES -->
	
	<logger name="org.apache.http.wire" additivity="false">
		<level value="TRACE"/>
		<appender-ref ref="ONEGASLOG"/> 
	</logger>
	
	<logger name="org.apache.http" additivity="false">
		<level value="TRACE"/>
		<appender-ref ref="ONEGASLOG"/> 
	</logger>
	
</log4j:configuration>