<?xml version="1.0" encoding="UTF-8"?>
<beans xmlns="http://www.springframework.org/schema/beans"
	xmlns:beans="http://www.springframework.org/schema/beans" 
	xmlns:xsi="http://www.w3.org/2001/XMLSchema-instance"
	xmlns:security="http://www.springframework.org/schema/security"
	xmlns:oxm="http://www.springframework.org/schema/oxm" 
	xmlns:context="http://www.springframework.org/schema/context"
	xmlns:util="http://www.springframework.org/schema/util"
	xsi:schemaLocation="http://www.springframework.org/schema/beans http://www.springframework.org/schema/beans/spring-beans-4.0.xsd
                        http://www.springframework.org/schema/tx http://www.springframework.org/schema/tx/spring-tx-4.0.xsd
                        http://www.springframework.org/schema/context http://www.springframework.org/schema/context/spring-context-4.0.xsd
                        http://www.springframework.org/schema/security http://www.springframework.org/schema/security/spring-security-4.0.xsd
                        http://www.springframework.org/schema/util http://www.springframework.org/schema/util/spring-util-4.0.xsd
                        http://www.springframework.org/schema/oxm http://www.springframework.org/schema/oxm/spring-oxm-4.0.xsd">

 <context:component-scan base-package="com.avaya.ept.onegas" />
	
	<import resource="classpath:billingBackendContext.xml"/>
	<import resource="classpath:LocationBackendContext.xml"/>
	<import resource="classpath:ContextStoreContext.xml"/>

	<!-- ==================================================================================================================== -->
	<!-- Properties file loader -->
	<!-- ==================================================================================================================== -->
	<bean id="propertyConfigurer"
		class="org.springframework.beans.factory.config.PropertyPlaceholderConfigurer">
		<property name="locations">
			<list>
				<value>classpath:onegas.config.properties</value>
				<value>classpath:agencyCode.properties</value>
				<value>classpath:password.properties</value>
				<value>classpath:config.properties</value>
			</list>
		</property>
	</bean>
    
	<!-- Services instances -->
	
	<bean id="serviceConfig" class="com.avaya.ept.onegas.bl.model.ServiceConfiguration">
		<property name="rdmDataUrl" value="${onegas.rdmDataUrl}" />
		<property name="rdmPropsPath" value="${onegas.rdmPropsPath}" />
		<property name="voiceRecPath" value="${onegas.voiceRecordingPath}" />
	</bean>
	
	<bean id="onegasCommonService" class="com.avaya.ept.onegas.bl.service.ONEGASCommonService">
	</bean>

	<bean id="vdnTransferService" class="com.avaya.ept.onegas.bl.service.VDNTransferService" init-method="init">
	</bean>
	
	
		
</beans>